premise	hypothesis	gold_label	original_premise
The reflection of the moon on the lake's surface appeared identical to the moon itself	The moon reflected back at itself from the lake’s surface	entailment	The moon winked back at itself from the lake’s surface
The reflection of the moon on the lake's surface appeared identical to the moon itself	The moon absorbed back at itself from the lake’s surface	not_entailment	The moon winked back at itself from the lake’s surface
The company terminated his employment following several years of working for them	The company fired him after many years of service	entailment	The company released him after many years of service
The company terminated his employment following several years of working for them	The company hired him after many years of service	not_entailment	The company released him after many years of service
The new moon rises above the treetops	The new moon rises through the tree tops	entailment	The new moon swims up through the tree tops
The new moon rises above the treetops	The new moon sinks through the tree tops	not_entailment	The new moon swims up through the tree tops
He adopted the knowledge or beliefs of his tribe	He held the knowledge or beliefs of his tribe	entailment	He embraced the knowledge or beliefs of his tribe
He adopted the knowledge or beliefs of his tribe	He released the knowledge or beliefs of his tribe	not_entailment	He embraced the knowledge or beliefs of his tribe
I long to enjoy the sun's rays once more	I want to be in sunshine once again	entailment	I want to frolic in sunshine once again
I long to enjoy the sun's rays once more	I want to hide in sunshine once again	not_entailment	I want to frolic in sunshine once again
When he enters the room, my heart beats faster	My heart beats when he walks in the room	entailment	My heart skips when he walks in the room
When he enters the room, my heart beats faster	My heart relaxed when he walks in the room	not_entailment	My heart skips when he walks in the room
His body showed the effects of having leprosy for a long time	His body was deformed by leprosy	entailment	His body was weathered by leprosy
His body showed the effects of having leprosy for a long time	His body was repaired by leprosy	not_entailment	His body was weathered by leprosy
What people do is more revealing than what they say	Actions are louder than words	entailment	Actions speak louder than words
What people do is more revealing than what they say	Actions aren't louder than words	not_entailment	Actions speak louder than words
The wind caused the window panes to vibrate	The window panes were rattling as the wind blew through them	entailment	The window panes were trembling as the wind blew through them
The wind caused the window panes to vibrate	The window panes were calm as the wind blew through them	not_entailment	The window panes were trembling as the wind blew through them
He realized that she had deceived him	It occured to him that she had betrayed him	entailment	It dawned to him that she had betrayed him
He realized that she had deceived him	It passed him that she had betrayed him	not_entailment	It dawned to him that she had betrayed him
Summer and its enjoyments depart from you	For summer and his pleasures begin on thee	entailment	For summer and his pleasures take flight on thee
Summer and its enjoyments depart from you	For summer and his pleasures stop on thee	not_entailment	For summer and his pleasures take flight on thee
They completed the interviews with the job candidates in a quick and efficient manner	They went through the job candidates	entailment	They breezed through the job candidates
They completed the interviews with the job candidates in a quick and efficient manner	They ignored through the job candidates	not_entailment	They breezed through the job candidates
The tax cut will stimulate economic growth	The tax cut will help the economy	entailment	The tax cut will fertilize the economy
The tax cut will stimulate economic growth	The tax cut will harm the economy	not_entailment	The tax cut will fertilize the economy
Death is very close	Death is coming at the door	entailment	Death is knocking at the door
Death is very close	Death is going from the door	not_entailment	Death is knocking at the door
At night, I lie down in the bed	In the depth of the night I lie in the bed	entailment	In the depth of the night I sprawl in the bed
At night, I lie down in the bed	In the depth of the night I wake up from the bed	not_entailment	In the depth of the night I sprawl in the bed
Whom fate has paired with a heavy burden of troubles	Whom fate has met with a weight of woes	entailment	Whom fate has yoked with a weight of woes
Whom fate has paired with a heavy burden of troubles	Whom fate has avoided with a weight of woes	not_entailment	Whom fate has yoked with a weight of woes
She consumed the emotional attachment of all the men	She had all the men's hearts	entailment	She swallowed all the men's hearts
She consumed the emotional attachment of all the men	She had none of the men's hearts	not_entailment	She swallowed all the men's hearts
The party came to an end immediately after she departed	The party ended as soon as she left	entailment	The party dissipated as soon as she left
The party came to an end immediately after she departed	The party started as soon as she left	not_entailment	The party dissipated as soon as she left
She did not notice that opportunity was present at her door	She did not realize that opportunity was coming at her door	entailment	She did not realize that opportunity was waltzing at her door
She did not notice that opportunity was present at her door	She did not realize that opportunity was leaving from her door	not_entailment	She did not realize that opportunity was waltzing at her door
The conditions in the camp caused him to lose vitality	Life in the camp tired him	entailment	Life in the camp wilted him
The conditions in the camp caused him to lose vitality	Life in the camp energized him	not_entailment	Life in the camp wilted him
The bridge is higher than the river	The bridge stands over the river	entailment	The bridge towers over the river
The bridge is higher than the river	The bridge breaks over the river	not_entailment	The bridge towers over the river
The children played with happiness	The children danced with joy	entailment	The children frolicked with joy
The children played with happiness	The children sulked with joy	not_entailment	The children frolicked with joy
Water flowed onto and spread out on the floor	Water poured all over the floor	entailment	Water cascaded all over the floor
Water flowed onto and spread out on the floor	Water backed up all over the floor	not_entailment	Water cascaded all over the floor
However, nature formed it with certain imperfections	But nature create it imperfect ever	entailment	But nature molded it imperfect ever
However, nature formed it with certain imperfections	But nature dismantled it imperfect ever	not_entailment	But nature molded it imperfect ever
His playing established him as a musician known for expressing deep emotions	His playing established him as a Romantic	entailment	His playing ensconced him as a Romantic
His playing established him as a musician known for expressing deep emotions	His playing disbanded him as a Romantic	not_entailment	His playing ensconced him as a Romantic
She asked the witnesses to provide information	She asked the witnesses for information	entailment	She pressed the witnesses for information
She asked the witnesses to provide information	She guarded the witnesses for information	not_entailment	She pressed the witnesses for information
He spread a thick layer of fertilizer on the lawn	He spread fertilizer over the lawn	entailment	He lathered fertilizer over the lawn
He spread a thick layer of fertilizer on the lawn	He gathered fertilizer over the lawn	not_entailment	He lathered fertilizer over the lawn
The air in the room was filled with the scent of smoke due to something being burned	The smell of smoke settled on the delinquent	entailment	The smell of smoke carpeted on the delinquent
The air in the room was filled with the scent of smoke due to something being burned	The smell of smoke took off on the delinquent	not_entailment	The smell of smoke carpeted on the delinquent
I long for the experience of looking into her eyes and observing her closely	I miss staring in her eyes and watching her	entailment	I miss wandering in her eyes and watching her
I long for the experience of looking into her eyes and observing her closely	I miss neglecting her eyes and watching her	not_entailment	I miss wandering in her eyes and watching her
The air was filled with the scent of smoke from the delinquent source	The smell of smoke settled on the delinquent	entailment	The smell of smoke rested on the delinquent
The air was filled with the scent of smoke from the delinquent source	The smell of smoke took off on the delinquent	not_entailment	The smell of smoke rested on the delinquent
We accepted the conditions outlined in the agreement	We agreed on the terms of the settlement	entailment	We took on the terms of the settlement
We accepted the conditions outlined in the agreement	We disagreed on the terms of the settlement	not_entailment	We took on the terms of the settlement
The new measures had an impact on the economy	The new measures affected the economy	entailment	The new measures jostled the economy
The new measures had an impact on the economy	The new measures helped the economy	not_entailment	The new measures jostled the economy
The tax cut will have a positive effect on the economy	The tax cut will help the economy	entailment	The tax cut will uplift the economy
The tax cut will have a positive effect on the economy	The tax cut will harm the economy	not_entailment	The tax cut will uplift the economy
The wind moves among the leaves	The wind blows through the leaves	entailment	The wind floats through the leaves
The wind moves among the leaves	The wind relaxes through the leaves	not_entailment	The wind floats through the leaves
Sadness covered their faces	Their faces were covered with sadness	entailment	Their faces were shrouded with sadness
Sadness covered their faces	Their faces were depleted of sadness	not_entailment	Their faces were shrouded with sadness
Everything went in his favor	Everything down to his glory	entailment	Everything flowed to his glory
Everything went in his favor	Everything hindered to his glory	not_entailment	Everything flowed to his glory
A loud scream was heard during the night	The scream filled the night	entailment	The scream pierced the night
A loud scream was heard during the night	The scream emptied the night	not_entailment	The scream pierced the night
Her positive outlook caused her to stop worrying about these matters	Her optimism took away these worries	entailment	Her optimism stole away these worries
Her positive outlook caused her to stop worrying about these matters	Her optimism gave away these worries	not_entailment	Her optimism stole away these worries
The new moon can be seen between the tree branches	The new moon rises through the tree tops	entailment	The new moon peers through the tree tops
The new moon can be seen between the tree branches	The new moon sets through the tree tops	not_entailment	The new moon peers through the tree tops
She placed my head against her neck	My head rested in the crook of her neck	entailment	My head lay in the crook of her neck
She placed my head against her neck	My head moved in the crook of her neck	not_entailment	My head lay in the crook of her neck
The clouds rotated around each other in the sky	The clouds spun each other around in the sky	entailment	The clouds twirled each other around in the sky
The clouds rotated around each other in the sky	The clouds stagnated each other around in the sky	not_entailment	The clouds twirled each other around in the sky
The volume of the music in the background increased	The music played in the background	entailment	The music swelled in the background
The volume of the music in the background increased	The music stopped in the background	not_entailment	The music swelled in the background
Her ego was fueled by the unexpected recognition	The sudden fame increased her ego	entailment	The sudden fame kindled her ego
Her ego was fueled by the unexpected recognition	The sudden fame decreased her ego	not_entailment	The sudden fame kindled her ego
She gained the affection or love of all the men	She had all the men's hearts	entailment	She captured all the men's hearts
She gained the affection or love of all the men	She lacked all the men's hearts	not_entailment	She captured all the men's hearts
The alarm made a loud sound this morning	My alarm buzzed at me this morning	entailment	My alarm roared at me this morning
The alarm made a loud sound this morning	My alarm was quiet this morning	not_entailment	My alarm roared at me this morning
Adrenaline flows strongly through his body	Adrenaline flows through him powerfully	entailment	Adrenaline swims through him powerfully
Adrenaline flows strongly through his body	Adrenaline ebbs through him powerfully	not_entailment	Adrenaline swims through him powerfully
He paid for the damages caused by the accident	He borne the costs for the accident	entailment	He weathered the costs for the accident
He paid for the damages caused by the accident	He avoided the costs for the accident	not_entailment	He weathered the costs for the accident
Small indentations appeared on his cheeks	Dimples formed in his cheeks	entailment	Dimples burst forth in his cheeks
Small indentations appeared on his cheeks	Dimples disappeared in his cheeks	not_entailment	Dimples burst forth in his cheeks
The attackers fired guns at the civilians	The attackers fired gunshots at the civilians	entailment	The attackers spat gunshots at the civilians
The attackers fired guns at the civilians	The attackers resisted gunshots at the civilians	not_entailment	The attackers spat gunshots at the civilians
I won't read other people's emails without their permission	I won't go to reading other people's mail	entailment	I won't bow to reading other people's mail
I won't read other people's emails without their permission	I will go to reading other people's mail	not_entailment	I won't bow to reading other people's mail
My eyes were producing a lot of tears and I was blushing intensely	My eyes teared up and I could feel my face turning red	entailment	My eyes burned up and I could feel my face turning red
My eyes were producing a lot of tears and I was blushing intensely	My eyes dried up and I could feel my face turning red	not_entailment	My eyes burned up and I could feel my face turning red
I put a great deal of effort into completing the task	I struggled through the work	entailment	I toiled through the work
I put a great deal of effort into completing the task	I aced through the work	not_entailment	I toiled through the work
After drinking a glass of wine, he relaxed a little	After a glass of wine, he relaxed up a bit	entailment	After a glass of wine, he unfurled up a bit
After drinking a glass of wine, he relaxed a little	After a glass of wine, he stressed up a bit	not_entailment	After a glass of wine, he unfurled up a bit
The images were surrounded by the brightness that enveloped him	The images reflected in the brilliance that covered him warm	entailment	The images basked in the brilliance that covered him warm
The images were surrounded by the brightness that enveloped him	The images disregarded in the brilliance that covered him warm	not_entailment	The images basked in the brilliance that covered him warm
The snow covered the earth evenly and thickly, just as a mother covers her child with a	The snow covered the earth like a mother would her infant child	entailment	The snow blanketed the earth like a mother would her infant child
The snow covered the earth evenly and thickly, just as a mother covers her child with a	The snow exposed the earth like a mother would her infant child	not_entailment	The snow blanketed the earth like a mother would her infant child
This fact contradicted the commonly accepted theories	This fact went against the standard theories	entailment	This fact warred against the standard theories
This fact contradicted the commonly accepted theories	This fact came in favor of the standard theories	not_entailment	This fact warred against the standard theories
She ate sunflower seeds	She sowed sunflower seeds	entailment	She dawned sunflower seeds
She ate sunflower seeds	She destroyed sunflower seeds	not_entailment	She dawned sunflower seeds
I suppressed my feelings of anger and did not speak	I controlled my anger and kept quiet	entailment	I muffled my anger and kept quiet
I suppressed my feelings of anger and did not speak	I showed my anger and kept quiet	not_entailment	I muffled my anger and kept quiet
The company terminated his employment following several years of working for them	The company fired him after many years of service	entailment	The company booted him after many years of service
The company terminated his employment following several years of working for them	The company hired him after many years of service	not_entailment	The company booted him after many years of service
Her facial muscles contract suddenly and forcefully	The spasm convulses her facial muscles	entailment	The spasm whips her facial muscles
Her facial muscles contract suddenly and forcefully	The spasm straightens her facial muscles	not_entailment	The spasm whips her facial muscles
I controlled my feelings of anger and did not speak	I controlled my anger and kept quiet	entailment	I restrained my anger and kept quiet
I controlled my feelings of anger and did not speak	I showed my anger and kept quiet	not_entailment	I restrained my anger and kept quiet
The car struck the toy repeatedly and forcefully	The car crushed the toy	entailment	The car pummeled the toy
The car struck the toy repeatedly and forcefully	The car avoided the toy	not_entailment	The car pummeled the toy
The music played softly in the background	The music played in the background	entailment	The music frolicked in the background
The music played softly in the background	The music stopped in the background	not_entailment	The music frolicked in the background
Is that story meant to be believed by me?	Am I supposed to believe that story?	entailment	Am I supposed to swallow that story?
Is that story meant to be believed by me?	Am I supposed to disbelieve that story?	not_entailment	Am I supposed to swallow that story?
The event was deeply etched in her memory	The event etched itself into her memory	entailment	The event carved  itself into her memory
The event was deeply etched in her memory	The event withdrew itself from her memory	not_entailment	The event carved  itself into her memory
He was located in front of the rising sun	He lay before the growing sun	entailment	He lay before the gathering sun
He was located in front of the rising sun	He lay before the setting sun	not_entailment	He lay before the gathering sun
The critics spoke extensively about this Broadway production	The critics overpraised this broadway production	entailment	The critics hyped this broadway production
The critics spoke extensively about this Broadway production	The critics rebuked this broadway production	not_entailment	The critics hyped this broadway production
He believed she had deceived him	It occured to him that she had betrayed him	entailment	It appeared to him that she had betrayed him
He believed she had deceived him	It preceeded to him that she had betrayed him	not_entailment	It appeared to him that she had betrayed him
The new measures led to significant changes in the economy	The new measures affected the economy	entailment	The new measures transformed the economy
The new measures led to significant changes in the economy	The new measures stagnated the economy	not_entailment	The new measures transformed the economy
Darkness had been replaced by light	Light had replaced darkness	entailment	Light had overgrown darkness
Darkness had been replaced by light	Light had kept darkness	not_entailment	Light had overgrown darkness
The sound of the door knocking was louder and more insistent now	The knocking on the door was more assertive now	entailment	The roaring on the door was more assertive now
The sound of the door knocking was louder and more insistent now	The protecting on the door was more assertive now	not_entailment	The roaring on the door was more assertive now
Summer and its enjoyments were bestowed upon you	For summer and his pleasures begin on thee	entailment	For summer and his pleasures graced on thee
Summer and its enjoyments were bestowed upon you	For summer and his pleasures end on thee	not_entailment	For summer and his pleasures graced on thee
I attempted to withdraw money from the ATM, but it stopped functioning	I wanted to get money, but the ATM stopped	entailment	I wanted to get money, but the ATM froze
I attempted to withdraw money from the ATM, but it stopped functioning	I wanted to get money, but the ATM started	not_entailment	I wanted to get money, but the ATM froze
The dancer moved smoothly and gracefully from one side of the stage to the another	The dancer moved across the stage	entailment	The dancer glided across the stage
The dancer moved smoothly and gracefully from one side of the stage to the another	The dancer paused across the stage	not_entailment	The dancer glided across the stage
I am filled with joy and excitement when he enters the room	My heart beats when he walks in the room	entailment	My heart sings when he walks in the room
I am filled with joy and excitement when he enters the room	My heart stops when he walks in the room	not_entailment	My heart sings when he walks in the room
A star-shaped ornament is placed at the top of the Christmas Tree	A star tops the Christmas Tree	entailment	A star crowns the Christmas Tree
A star-shaped ornament is placed at the top of the Christmas Tree	A star messes the Christmas Tree	not_entailment	A star crowns the Christmas Tree
I struggled to make this decision for a long time	I struggled with this decision for years	entailment	I wrestled with this decision for years
I struggled to make this decision for a long time	I eased with this decision for years	not_entailment	I wrestled with this decision for years
We provided a large amount of financial support for our children's education	We put money into the education of our children	entailment	We streamed money into the education of our children
We provided a large amount of financial support for our children's education	We refused money into the education of our children	not_entailment	We streamed money into the education of our children
The bus moved quickly along the road	The bus paced down the road	entailment	The bus bolted down the road
The bus moved quickly along the road	The bus slowed down the road	not_entailment	The bus bolted down the road
Gradually, his senses and physical abilities improved	Slowly his sense and strength increased	entailment	Slowly his sense and strength grew
Gradually, his senses and physical abilities improved	Slowly his sense and strength decreased	not_entailment	Slowly his sense and strength grew
He suppressed feelings of remorse and prevented despair from manifesting	He crushed remorse and pushed down despair	entailment	He crushed remorse and stifled down despair
He suppressed feelings of remorse and prevented despair from manifesting	He crushed remorse and pulled up despair	not_entailment	He crushed remorse and stifled down despair
She speaks many untrue or meaningless things	She speaks a lot of nonsense	entailment	She babbles a lot of nonsense
She speaks many untrue or meaningless things	She avoids a lot of nonsense	not_entailment	She babbles a lot of nonsense
Furthermore, the storm caused significant damage to the town	In addition, the storm devastated the town	entailment	In addition, the storm bombed the town
Furthermore, the storm caused significant damage to the town	In addition, the storm protected the town	not_entailment	In addition, the storm bombed the town
The cold penetrates deeply into her bones	The cold chill her bones	entailment	The cold hollows her bones
The cold penetrates deeply into her bones	The cold comforts her bones	not_entailment	The cold hollows her bones
The raindrops merge and adhere to my coat	The little raindrops falling together stick upon my coat	entailment	The little raindrops collapsing together stick upon my coat
The raindrops merge and adhere to my coat	The little raindrops stopping together stick upon my coat	not_entailment	The little raindrops collapsing together stick upon my coat
He paid for the damages caused by the accident	He borne the costs for the accident	entailment	He shouldered the costs for the accident
He paid for the damages caused by the accident	He neglected the costs for the accident	not_entailment	He shouldered the costs for the accident
The desert, which is black in color, was unusually quiet, with long intervals between sounds	Black desert covered in iron silences	entailment	Black desert rained in iron silences
The desert, which is black in color, was unusually quiet, with long intervals between sounds	Black desert uncovered in iron silences	not_entailment	Black desert rained in iron silences
She had to manage her employment responsibilities and take care of her children at the same time	She had to manage her job and her children	entailment	She had to juggle her job and her children
She had to manage her employment responsibilities and take care of her children at the same time	She had to avoid her job and her children	not_entailment	She had to juggle her job and her children
Which horse will you rely on? (This sentence is already quite literal, but I will provide a	Which horse are you betting on	entailment	Which horse are you depending  on
Which horse will you rely on? (This sentence is already quite literal, but I will provide a	Which horse are you surrendering on	not_entailment	Which horse are you depending  on
The images surrounded him in the brightness that enveloped him	The images reflected in the brilliance that covered him warm	entailment	The images cast in the brilliance that covered him warm
The images surrounded him in the brightness that enveloped him	The images disregarded in the brilliance that covered him warm	not_entailment	The images cast in the brilliance that covered him warm
The moon reflected off the lake’s surface	The moon reflected back at itself from the lake’s surface	entailment	The moon betrayed back at itself from the lake’s surface
The moon reflected off the lake’s surface	The moon absorbed back at itself from the lake’s surface	not_entailment	The moon betrayed back at itself from the lake’s surface
In this case, my emotions influenced my decision-making process	My personal feelings influenced my judgment in this case	entailment	My personal feelings shadowed my judgment in this case
In this case, my emotions influenced my decision-making process	My personal feelings kept my judgment in this case	not_entailment	My personal feelings shadowed my judgment in this case
The bus traveled along the road at a slow pace, releasing a fine spray of water from its tires	The bus paced down the road	entailment	The bus drizzled down the road
The bus traveled along the road at a slow pace, releasing a fine spray of water from its tires	The bus slowed down the road	not_entailment	The bus drizzled down the road
The book stimulated her thought processes and held her interest	The book had her imagination	entailment	The book captured her imagination
The book stimulated her thought processes and held her interest	The book failed her imagination	not_entailment	The book captured her imagination
I wish to be exposed to sunlight once more	I want to be in sunshine once again	entailment	I want to grow in sunshine once again
I wish to be exposed to sunlight once more	I want to hide in sunshine once again	not_entailment	I want to grow in sunshine once again
From her hair, a very subtle scent arose	Of that faint fragrance being from her soft hair	entailment	Of that faint fragrance rising from her soft hair
From her hair, a very subtle scent arose	Of that faint fragrance stagnating in her soft hair	not_entailment	Of that faint fragrance rising from her soft hair
I wanted to withdraw money from the ATM, but it dispensed the cash instead	I wanted to get money, but the ATM stopped	entailment	I wanted to get money, but the ATM surrendered
I wanted to withdraw money from the ATM, but it dispensed the cash instead	I wanted to get money, but the ATM started	not_entailment	I wanted to get money, but the ATM surrendered
I enjoy looking into her eyes and observing her closely	I miss staring in her eyes and watching her	entailment	I miss swimming in her eyes and watching her
I enjoy looking into her eyes and observing her closely	I miss neglecting in her eyes and watching her	not_entailment	I miss swimming in her eyes and watching her
I feel stimulated after drinking a bottle of champagne	My brain is right after the bottle of champagne	entailment	My brain is glowing after the bottle of champagne
I feel stimulated after drinking a bottle of champagne	My brain is not after the bottle of champagne	not_entailment	My brain is glowing after the bottle of champagne
When they touch the ground, they disappear	As they reach the ground, they are forgotten	entailment	As they strike the ground, they are effaced
When they touch the ground, they disappear	As they reach the ground, they are remembered	not_entailment	As they strike the ground, they are effaced
The children's faces were radiant with happiness	The children danced with joy	entailment	The children twinkled with joy
The children's faces were radiant with happiness	The children sulked with joy	not_entailment	The children twinkled with joy
To plunder the deep sorrow that I feel	To guts the sob of my agony	entailment	To ravage the sob of my agony
To plunder the deep sorrow that I feel	To cheer the sob of my agony	not_entailment	To ravage the sob of my agony
Feeling intense anger and looking pale due to emotion	Trembling for ire , and look pale for rage	entailment	Trembling for ire , and painted pale for rage
Feeling intense anger and looking pale due to emotion	Trembling for ire , and disregard pale for rage	not_entailment	Trembling for ire , and painted pale for rage
The play may negatively affect a few individuals	The play is going to hurt few people	entailment	The play is going to burn few people
The play may negatively affect a few individuals	The play is going to cheer few people	not_entailment	The play is going to burn few people
At night, I lie down deeply in my bed	In the depth of the night I lie in the bed	entailment	In the depth of the night I sink in the bed
At night, I lie down deeply in my bed	In the depth of the night I wake up from the bed	not_entailment	In the depth of the night I sink in the bed
We should acknowledge the friendly behavior she displayed towards us	We must acknowledge the kindness she showed towards us	entailment	We must salute the kindness she showed towards us
We should acknowledge the friendly behavior she displayed towards us	We must disavow the kindness she showed towards us	not_entailment	We must salute the kindness she showed towards us
The teapot moved slightly as the water reached its boiling point	The teapot shook as the water boiled	entailment	The teapot shuddered as the water boiled
The teapot moved slightly as the water reached its boiling point	The teapot soothed as the water boiled	not_entailment	The teapot shuddered as the water boiled
Inflation has caused the value of the dollar to decrease	The dollar has been reduced by inflation	entailment	The dollar has been dragged by inflation
Inflation has caused the value of the dollar to decrease	The dollar has been increased by inflation	not_entailment	The dollar has been dragged by inflation
He ignored or overruled my objections	He put aside my objections	entailment	He pushed aside my objections
He ignored or overruled my objections	He removed aside my objections	not_entailment	He pushed aside my objections
However, intense fear penetrated deeply into the person's innermost being	But frozen dread continued through their entrails dear ;	entailment	But frozen dread permeated through the entrails dear ;
However, intense fear penetrated deeply into the person's innermost being	But frozen dread ceased through their entrails dear ;	not_entailment	But frozen dread permeated through the entrails dear ;
After drinking a glass of wine, his behavior became slightly less reserved	After a glass of wine, he relaxed up a bit	entailment	After a glass of wine, he loosened up a bit
After drinking a glass of wine, his behavior became slightly less reserved	After a glass of wine, he stressed up a bit	not_entailment	After a glass of wine, he loosened up a bit
The cigarettes harmed his health significantly	The cigarettes affected his health	entailment	The cigarettes snuffed his health
The cigarettes harmed his health significantly	The cigarettes cured his health	not_entailment	The cigarettes snuffed his health
The avalanche destroyed everything in its path	The avalanche destroyed anything standing in its way	entailment	The avalanche polvarized  anything standing in its way
The avalanche destroyed everything in its path	The avalanche protected anything standing in its way	not_entailment	The avalanche polvarized  anything standing in its way
Water flowed rapidly and spread out on the floor	Water poured all over the floor	entailment	Water galloped down all over the floor
Water flowed rapidly and spread out on the floor	Water backed up all over the floor	not_entailment	Water galloped down all over the floor
John stood larger than his classmates in size	John was behind his class mates	entailment	John loomed behind his class mates
John stood larger than his classmates in size	John wasn't behind his class mates	not_entailment	John loomed behind his class mates
The clouds moved around each other in the sky in a circular motion	The clouds spun each other around in the sky	entailment	The clouds waltzed each other around in the sky
The clouds moved around each other in the sky in a circular motion	The clouds stagnated each other around in the sky	not_entailment	The clouds waltzed each other around in the sky
Oaths of allegiance were obtained through determined efforts	Oaths of homage fiercely prevailed	entailment	Oaths of homage fiercely won
Oaths of allegiance were obtained through determined efforts	Oaths of homage fiercely left	not_entailment	Oaths of homage fiercely won
At the end of her lectures, she tells a joke	She ends her lectures with joke	entailment	She seals her lectures with joke
At the end of her lectures, she tells a joke	She starts her lectures with joke	not_entailment	She seals her lectures with joke
The car hit and broke the toy	The car crushed the toy	entailment	The car smashed the toy
The car hit and broke the toy	The car avoided the toy	not_entailment	The car smashed the toy
The play will strongly affect or influence a few individuals	The play is going to hurt few people	entailment	The play is going to pummel a few people
The play will strongly affect or influence a few individuals	The play is going to cheer few people	not_entailment	The play is going to pummel a few people
The alarm made a loud sound this morning	My alarm buzzed at me this morning	entailment	My alarm yelled at me this morning
The alarm made a loud sound this morning	My alarm was quiet this morning	not_entailment	My alarm yelled at me this morning
I rested my head against her neck	My head rested in the crook of her neck	entailment	My head dwelled in the crook of her neck
I rested my head against her neck	My head moved in the crook of her neck	not_entailment	My head dwelled in the crook of her neck
She entered the comfortable and wealthy way of living	She fell into the luxury of life	entailment	She slipped into the luxury of life
She entered the comfortable and wealthy way of living	She rose into the luxury of life	not_entailment	She slipped into the luxury of life
The flowers moved gracefully in the gentle breeze	The flowers moved in the gentle breeze	entailment	The flowers danced in the gentle breeze
The flowers moved gracefully in the gentle breeze	The flowers stopped in the gentle breeze	not_entailment	The flowers danced in the gentle breeze
He consistently shows a smile on his face	He always has a smile	entailment	He always flashes a smile
He consistently shows a smile on his face	He always hides a smile	not_entailment	He always flashes a smile
The wildfire moved rapidly through the forest	The wildfire spread through the forest at an amazing speed	entailment	The wildfire leapt through the forest at an amazing speed
The wildfire moved rapidly through the forest	The wildfire halted through the forest at an amazing speed	not_entailment	The wildfire leapt through the forest at an amazing speed
People quickly exited the theater	People were running out of the theater	entailment	People were bolting out of the theater
People quickly exited the theater	People were standing out of the theater	not_entailment	People were bolting out of the theater
He suppressed feelings of remorse and sank into a deep state of despair	He crushed remorse and pushed down despair	entailment	He crushed remorse and sunk down despair
He suppressed feelings of remorse and sank into a deep state of despair	He crushed remorse and pulled up despair	not_entailment	He crushed remorse and sunk down despair
People have sniffles, coughs, and colds, which affect their chest area	Sniffles, coughs, and colds develop in their breasts	entailment	Sniffles, coughs, and colds gurgle in their breasts
People have sniffles, coughs, and colds, which affect their chest area	Sniffles, coughs, and colds reduced in their breasts	not_entailment	Sniffles, coughs, and colds gurgle in their breasts
He had a very serious and deadly illness that caused his death	He was stricken with a terrible illness that killed him quickly	entailment	He was gripped with a terrible illness that killed him quickly
He had a very serious and deadly illness that caused his death	He was unaffected with a terrible illness that killed him quickly	not_entailment	He was gripped with a terrible illness that killed him quickly
The snow covered the earth thoroughly, just as a mother covers her baby completely	The snow covered the earth like a mother would her infant child	entailment	The snow swaddled the earth like a mother would her infant child
The snow covered the earth thoroughly, just as a mother covers her baby completely	The snow exposed the earth like a mother would her infant child	not_entailment	The snow swaddled the earth like a mother would her infant child
However, nature causes it to grow in an incomplete manner every time	But nature create it imperfect ever	entailment	But nature germinate it imperfect ever
However, nature causes it to grow in an incomplete manner every time	But nature dismantled it imperfect ever	not_entailment	But nature germinate it imperfect ever
She asked the witnesses for details	She asked the witnesses for information	entailment	She petitioned the witnesses for information
She asked the witnesses for details	She guarded the witnesses for information	not_entailment	She petitioned the witnesses for information
He dismissed my objections	He put aside my objections	entailment	He swept aside my objections
He dismissed my objections	He removed aside my objections	not_entailment	He swept aside my objections
She hit the wall with all her force	She pushed against the wall with all her strength	entailment	She hailed against the wall with all her strength
She hit the wall with all her force	She pulled against the wall with all her strength	not_entailment	She hailed against the wall with all her strength
The moon appeared rounder and brighter than the stars in the night sky	The moon shined at the stars in the sky	entailment	The moon smiled at the stars in the sky
The moon appeared rounder and brighter than the stars in the night sky	The moon darkened at the stars in the sky	not_entailment	The moon smiled at the stars in the sky
Furthermore, the storm damaged the buildings and streets in the town	In addition, the storm devastated the town	entailment	In addition, the storm trampled the town
Furthermore, the storm damaged the buildings and streets in the town	In addition, the storm protected the town	not_entailment	In addition, the storm trampled the town
My thoughts were very active and preoccupied me deeply	Consumed by the thoughts that were in the head	entailment	Consumed by the thoughts that churned in the head
My thoughts were very active and preoccupied me deeply	Consumed by the thoughts that weren't in the head	not_entailment	Consumed by the thoughts that churned in the head
He spread fertilizer evenly on the lawn	He spread fertilizer over the lawn	entailment	He peppered fertilizer over the lawn
He spread fertilizer evenly on the lawn	He gathered fertilizer over the lawn	not_entailment	He peppered fertilizer over the lawn
I went through the work in a slow and difficult manner, often having to deal with complex issues	I struggled through the work	entailment	I waded through the work
I went through the work in a slow and difficult manner, often having to deal with complex issues	I aced through the work	not_entailment	I waded through the work
Individuals were exiting the theater in large numbers	People were running out of the theater	entailment	People were streaming out of the theater
Individuals were exiting the theater in large numbers	People were standing out of the theater	not_entailment	People were streaming out of the theater
The value of the dollar has decreased due to inflation	The dollar has been reduced by inflation	entailment	The dollar has been dried by inflation
The value of the dollar has decreased due to inflation	The dollar has been increased by inflation	not_entailment	The dollar has been dried by inflation
Is that story meant to be consumed by me?	Am I supposed to believe that story?	entailment	Am I supposed to gobble up that story?
Is that story meant to be consumed by me?	Am I supposed to disbelieve that story?	not_entailment	Am I supposed to gobble up that story?
The car made a high-pitched sound as the key was inserted and turned in the ignition	The car honked as the key was roughly turned in its ignition	entailment	The car bleated as the key was roughly turned in its ignition
The car made a high-pitched sound as the key was inserted and turned in the ignition	The car failed as the key was roughly turned in its ignition	not_entailment	The car bleated as the key was roughly turned in its ignition
As I approached, the car's headlights shone directly towards me	The approaching car's headlights reflected at me	entailment	The approaching car's headlights looked back at me
As I approached, the car's headlights shone directly towards me	The approaching car's headlights disregarded at me	not_entailment	The approaching car's headlights looked back at me
The prices of stocks are increasing	Stock prices are rising higher	entailment	Stock prices are growing higher
The prices of stocks are increasing	Stock prices are falling higher	not_entailment	Stock prices are growing higher
Heroes are known and recognized by the public	Fame goes to the heroes	entailment	Fame clings to the heroes
Heroes are known and recognized by the public	Fame avoids the heroes	not_entailment	Fame clings to the heroes
It derived truth solely, the truth that governs our lives	It seemed from truth alone , the truth we live	entailment	It struck from truth alone , the truth we live
It derived truth solely, the truth that governs our lives	It deceived from truth alone , the truth we live	not_entailment	It struck from truth alone , the truth we live
Which horse are you betting on? (The metaphorical expression "wagering on" is	Which horse are you betting on	entailment	Which horse are you wagering on
Which horse are you betting on? (The metaphorical expression "wagering on" is	Which horse are you surrendering on	not_entailment	Which horse are you wagering on
All trees were on fire when the forest was smoldering	All fire-flush 'd when forest trees burned	entailment	All fire-flush 'd when forest trees smoldered
All trees were on fire when the forest was smoldering	All fire-flush 'd when forest trees grew	not_entailment	All fire-flush 'd when forest trees smoldered
The politician eliminated his rival from the political race	The politician defeated his rival	entailment	The politician chopped down his rival
The politician eliminated his rival from the political race	The politician lost to his rival	not_entailment	The politician chopped down his rival
The attackers fired guns at the civilians	The attackers fired gunshots at the civilians	entailment	The attackers launched gunshots at the civilians
The attackers fired guns at the civilians	The attackers resisted gunshots at the civilians	not_entailment	The attackers launched gunshots at the civilians
In the novel, there is a murder that is introduced	The novel begins with a murder	entailment	The novel emerges with a murder
In the novel, there is a murder that is introduced	The novel ends with a murder	not_entailment	The novel emerges with a murder
The car made a loud noise as the key was roughly turned in its ignition switch	The car honked as the key was roughly turned in its ignition	entailment	The car hollered as the key was roughly turned in its ignition
The car made a loud noise as the key was roughly turned in its ignition switch	The car failed as the key was roughly turned in its ignition	not_entailment	The car hollered as the key was roughly turned in its ignition
As she grew older, her desire for traveling lessened	Middle age reduced her appetite for travel	entailment	Middle age cut down her appetite for travel
As she grew older, her desire for traveling lessened	Middle age increased her appetite for travel	not_entailment	Middle age cut down her appetite for travel
The book significantly influenced her thoughts and ideas	The book had her imagination	entailment	The book owned her imagination
The book significantly influenced her thoughts and ideas	The book failed her imagination	not_entailment	The book owned her imagination
Feeling intense anger and being very frightened by it	Trembling for ire , and look pale for rage	entailment	Trembling for ire , and stricken pale for rage
Feeling intense anger and being very frightened by it	Trembling for ire , and disreagrd pale for rage	not_entailment	Trembling for ire , and stricken pale for rage
However, they experienced intense fear that made their stomachs feel cold	But frozen dread continued through their entrails dear ;	entailment	But frozen dread flowed through their entrails dear ;
The flame of the candle moved in the darkness	The candle flame flickered in the dark	entailment	The candle flame twirled in the dark
The flame of the candle moved in the darkness	The candle flame stagnated in the dark	not_entailment	The candle flame twirled in the dark
The oncoming car's headlights shone brightly towards me	The approaching car's headlights reflected at me	entailment	The approaching car's headlights glared at me
The oncoming car's headlights shone brightly towards me	The approaching car's headlights disregarded at me	not_entailment	The approaching car's headlights glared at me
Small indentations were located on his cheeks	Dimples formed in his cheeks	entailment	Dimples nestled in his cheeks
Small indentations were located on his cheeks	Dimples disappeared in his cheeks	not_entailment	Dimples nestled in his cheeks
These occurrences may influence the distribution of power	These events could affect the balance of power	entailment	These events could shape the balance of power
These occurrences may influence the distribution of power	These events could upset the balance of power	not_entailment	These events could shape the balance of power
Don't alter or change the exact meaning of what I have said	Don't change my words	entailment	Don't remix my words
Don't alter or change the exact meaning of what I have said	Don't retain my words	not_entailment	Don't remix my words
In the middle of her life, her desire for going to new places decreased	Middle age reduced her appetite for travel	entailment	Middle age minimized her appetite for travel
In the middle of her life, her desire for going to new places decreased	Middle age increased her appetite for travel	not_entailment	Middle age minimized her appetite for travel
The adrenaline in his body is released in a strong flow	Adrenaline flows through him powerfully	entailment	Adrenaline surges through him powerfully
The adrenaline in his body is released in a strong flow	Adrenaline ebbs through him powerfully	not_entailment	Adrenaline surges through him powerfully
Living in the camp caused him to lose energy	Life in the camp tired him	entailment	Life in the camp drained him
Living in the camp caused him to lose energy	Life in the camp energized him	not_entailment	Life in the camp drained him
The bridge is located above the river	The bridge stands over the river	entailment	The bridge hovers over the river
The bridge is located above the river	The bridge crashes over the river	not_entailment	The bridge hovers over the river
The wind moves swiftly among the leaves	The wind blows through the leaves	entailment	The wind whips through the leaves
The wind moves swiftly among the leaves	The wind relaxes through the leaves	not_entailment	The wind whips through the leaves
His playing earned him the title of a Romantic composer	His playing established him as a Romantic	entailment	His playing secured him as a Romantic
His playing earned him the title of a Romantic composer	His playing denounced him as a Romantic	not_entailment	His playing secured him as a Romantic
A bright, large flame that jumped through the air in the sky	A flame ablaze that appear amid the skies	entailment	A flame ablaze that skipped amid the skies
A bright, large flame that jumped through the air in the sky	A flame ablaze that disappear amid the skies	not_entailment	A flame ablaze that skipped amid the skies
A star is placed at the top of the Christmas Tree	A star tops the Christmas Tree	entailment	A star christens the Christmas Tree
A star is placed at the top of the Christmas Tree	A star messes the Christmas Tree	not_entailment	A star christens the Christmas Tree
He burst into uncontrollable laughter	He was involved in a laughing fit	entailment	He was caught in a laughing fit
He burst into uncontrollable laughter	He was uninvolved in a laughing fit	not_entailment	He was caught in a laughing fit
The sensation of intense pain was strongly present on my tongue	The taste of agony was thick upon my tongue	entailment	The taste of agony laid thick upon my tongue
The sensation of intense pain was strongly present on my tongue	The taste of agony wasn't thick upon my tongue	not_entailment	The taste of agony laid thick upon my tongue
The candle flame flickered in the darkness	The candle flame flickered in the dark	entailment	The candle flame shivered in the dark
The candle flame flickered in the darkness	The candle flame stagnated in the dark	not_entailment	The candle flame shivered in the dark
Water came out of the can and flowed into the backpack	Water leaked out of the can into the backpack	entailment	Water seeped out of the can into the backpack
Water came out of the can and flowed into the backpack	Water entered into of the can into the backpack	not_entailment	Water seeped out of the can into the backpack
People experienced runny noses, hacking coughs, and common colds	Sniffles, coughs, and colds develop in their breasts	entailment	Sniffles, coughs, and colds buoyed in their breasts
People experienced runny noses, hacking coughs, and common colds	Sniffles, coughs, and colds reduced in their breasts	not_entailment	Sniffles, coughs, and colds buoyed in their breasts
Calm water collects in the wind	Still waters sway in the wind	entailment	Still waters pool in the wind
Calm water collects in the wind	Still waters stop in the wind	not_entailment	Still waters pool in the wind
She wore a lot of yellow clothing that day	She was wearing yellow that day	entailment	She was dolled up yellow that day
She wore a lot of yellow clothing that day	She was doffing yellow that day	not_entailment	She was dolled up yellow that day
The fruits are preserved in a state of perpetual unchanging condition	The fruits are preserved in eternity	entailment	The fruits are crystalized in eternity
The fruits are preserved in a state of perpetual unchanging condition	The fruits are damaged in eternity	not_entailment	The fruits are crystalized in eternity
Don't change the meaning of my words	Don't change my words	entailment	Don't metamorphose my words
Don't change the meaning of my words	Don't retain my words	not_entailment	Don't metamorphose my words
The train horn produced a loud, piercing sound that disrupted the tranquility	The train horn broke the peace	entailment	The train horn disemboweled the peace
The train horn produced a loud, piercing sound that disrupted the tranquility	The train horn restored the peace	not_entailment	The train horn disemboweled the peace
Tears filled my eyes and my face became flushed	My eyes teared up and I could feel my face turning red	entailment	My eyes welled up and I could feel my face turning red
Tears filled my eyes and my face became flushed	My eyes dried up and I could feel my face turning red	not_entailment	My eyes welled up and I could feel my face turning red
She expresses her passion through dancing in the open air	Her passion is flowing through the air	entailment	Her passion is dancing through the air
She expresses her passion through dancing in the open air	Her passion is ebbing through the air	not_entailment	Her passion is dancing through the air
The top of the building is adorned with a weather vane	A weather vane tops the building	entailment	A weather vane crowns the building
The top of the building is adorned with a weather vane	A weather vane mars the building	not_entailment	A weather vane crowns the building
A very bright and large fire burning in the sky, moving rapidly	A flame ablaze that appear amid the skies	entailment	A flame ablaze that sprints amid the skies
A very bright and large fire burning in the sky, moving rapidly	A flame ablaze that disappear amid the skies	not_entailment	A flame ablaze that sprints amid the skies
To extract the tear of deep sorrow from myself	To guts the sob of my agony	entailment	To scrape the sob of my agony
To extract the tear of deep sorrow from myself	To cheer the sob of my agony	not_entailment	To scrape the sob of my agony
Whom fate has burdened with numerous troubles	Whom fate has met with a weight of woes	entailment	Whom fate has slapped with a weight of woes
Whom fate has burdened with numerous troubles	Whom fate has avoided with a weight of woes	not_entailment	Whom fate has slapped with a weight of woes
The sun, which is not visible, reflects light in a boomerang-like manner	The hidden sun returns with light	entailment	The hidden sun boomerangs with light
The sun, which is not visible, reflects light in a boomerang-like manner	The hidden sun departs with light	not_entailment	The hidden sun boomerangs with light
The light was strong enough to illuminate the area completely, making darkness disappear	Light had replaced darkness	entailment	Light had banished  darkness
The light was strong enough to illuminate the area completely, making darkness disappear	Light had kept darkness	not_entailment	Light had banished  darkness
When you are enjoying yourself, the hours seem to pass quickly	Time passes when you're having fun	entailment	Time flies when you're having fun
When you are enjoying yourself, the hours seem to pass quickly	Time stops when you're having fun	not_entailment	Time flies when you're having fun
The sound of his voice resonated throughout the house	His voice echoed up the house	entailment	His voice filled up the house
The sound of his voice resonated throughout the house	His voice silenced up the house	not_entailment	His voice filled up the house
The formerly enslaved person experienced freedom not long before her death	The ex-slave had freedom shortly before she died	entailment	The ex-slave tasted freedom shortly before she died
The formerly enslaved person experienced freedom not long before her death	The ex-slave eluded freedom shortly before she died	not_entailment	The ex-slave tasted freedom shortly before she died
I feel mentally clear after drinking a bottle of champagne	My brain is right after the bottle of champagne	entailment	My brain is stable after the bottle of champagne
I feel mentally clear after drinking a bottle of champagne	My brain is not after the bottle of champagne	not_entailment	My brain is stable after the bottle of champagne
She is expressing intense emotions strongly and noticeably	Her passion is flowing through the air	entailment	Her passion is streaming through the air
She is expressing intense emotions strongly and noticeably	Her passion is ebbing through the air	not_entailment	Her passion is streaming through the air
His playing raised him to the status of a Romantic composer	His playing established him as a Romantic	entailment	His playing erected him as a Romantic
His playing raised him to the status of a Romantic composer	His playing denounced him as a Romantic	not_entailment	His playing erected him as a Romantic
The government changed the entire law into legal text	The government converted the entire law into a code	entailment	The government flipped the entire law into a code
The government changed the entire law into legal text	The government endured the entire law into a code	not_entailment	The government flipped the entire law into a code
The difference between the two theories becomes less clear or less distinct	The distinction between the two theories disappear	entailment	The distinction between the two theories disintegrates
The difference between the two theories becomes less clear or less distinct	The distinction between the two theories appear	not_entailment	The distinction between the two theories disintegrates
We should accept the goodwill she displayed towards us	We must acknowledge the kindness she showed towards us	entailment	We must embrace the kindness she showed towards us
We should accept the goodwill she displayed towards us	We must disavow the kindness she showed towards us	not_entailment	We must embrace the kindness she showed towards us
The needle touched and pricked his skin	The needle pricked his skin	entailment	The needle nipped his skin
The needle touched and pricked his skin	The needle avoided his skin	not_entailment	The needle nipped his skin
Their language makes us think that we should believe them	Their language tells us to believe them	entailment	Their language broadcasts us to believe them
Their language makes us think that we should believe them	Their language refrains us to believe them	not_entailment	Their language broadcasts us to believe them
The needle pricked his skin	The needle pricked his skin	entailment	The needle bit his skin
The needle pricked his skin	The needle avoided his skin	not_entailment	The needle bit his skin
When they reach the ground, they are cleaned	As they reach the ground, they are forgotten	entailment	As they meet the ground, they are wiped
When they reach the ground, they are cleaned	As they reach the ground, they are remembered	not_entailment	As they meet the ground, they are wiped
The wind caused the window panes to vibrate	The window panes were rattling as the wind blew through them	entailment	The window panes were shaking as the wind blew through them
The wind caused the window panes to vibrate	The window panes were calm as the wind blew through them	not_entailment	The window panes were shaking as the wind blew through them
The government transformed the entire law into a written code	The government converted the entire law into a code	entailment	The government photosynthesized the entire law into a code
The government transformed the entire law into a written code	The government endured the entire law into a code	not_entailment	The government photosynthesized the entire law into a code
Based on the information I have, it seems you have not completed your assigned tasks	I assume you have not done your homework	entailment	I fancy you have not done your homework
Based on the information I have, it seems you have not completed your assigned tasks	I disbelive you have not done your homework	not_entailment	I fancy you have not done your homework
The candidate attacked his opponent forcefully and without mercy	The candidate slammed into his opponent mercilessly	entailment	The candidate rammed into his opponent mercilessly
The candidate attacked his opponent forcefully and without mercy	The candidate protected his opponent mercilessly	not_entailment	The candidate rammed into his opponent mercilessly
I attempted to help them resolve their issues	I tried to resolve things over between them	entailment	I tried to tide things over between them
I attempted to help them resolve their issues	I tried to disturb things over between them	not_entailment	I tried to tide things over between them
He was located in front of the shining sun	He lay before the growing sun	entailment	He lay before the beaming sun
He was located in front of the shining sun	He lay before the setting sun	not_entailment	He lay before the beaming sun
The bullet went through her chest	The bullet penetrated her chest	entailment	The bullet pierced her chest
The bullet went through her chest	The bullet retreated her chest	not_entailment	The bullet pierced her chest
It was clear from reality itself, the reality we experience	It seemed from truth alone , the truth we live	entailment	It appeared from truth alone , the truth we live
It was clear from reality itself, the reality we experience	It deceived from truth alone , the truth we live	not_entailment	It appeared from truth alone , the truth we live
The candidate attacked his opponent harshly and without mercy	The candidate slammed into his opponent mercilessly	entailment	The candidate torpedoed into his opponent mercilessly
The candidate attacked his opponent harshly and without mercy	The candidate protected  his opponent mercilessly	not_entailment	The candidate torpedoed into his opponent mercilessly
I attempted to resolve the issues between them	I tried to resolve things over between them	entailment	I tried to patch things over between them
I attempted to resolve the issues between them	I tried to disturb things over between them	not_entailment	I tried to patch things over between them
The meat was covered in a thick layer of gravy made from fat	The meat was cooked in a fatty gravy	entailment	The meat was lathered in a fatty gravy
The meat was covered in a thick layer of gravy made from fat	The meat was uncooked in a fatty gravy	not_entailment	The meat was lathered in a fatty gravy
John was not keeping up with the pace of his classmates	John was behind his class mates	entailment	John fell behind his class mates
John was not keeping up with the pace of his classmates	John wasn't behind his class mates	not_entailment	John fell behind his class mates
And the truth was acknowledged and given importance	And truth accepted , and righted wrong	entailment	And truth exalted, and righted wrong
And the truth was acknowledged and given importance	And truth denied , and righted wrong	not_entailment	And truth exalted, and righted wrong
All trees were on fire when the forest collapsed	All fire-flush 'd when forest trees burned	entailment	All fire-flush 'd when forest trees crumbled
All trees were on fire when the forest collapsed	All fire-flush 'd when forest trees grew	not_entailment	All fire-flush 'd when forest trees crumbled
The fruits remain unchanged over a very long period of time	The fruits are preserved in eternity	entailment	The fruits are fossilized in eternity
The fruits remain unchanged over a very long period of time	The fruits are damaged in eternity	not_entailment	The fruits are fossilized in eternity
These occurrences might significantly alter the distribution of power	These events could affect the balance of power	entailment	These events could tilt the balance of power
These occurrences might significantly alter the distribution of power	These events could upset the balance of power	not_entailment	These events could tilt the balance of power
Sadness covered their faces completely	Their faces were covered with sadness	entailment	Their faces were blanketed with sadness
Sadness covered their faces completely	Their faces were depleted of sadness	not_entailment	Their faces were blanketed with sadness
Everyone showed great respect towards him	Everything down to his glory	entailment	Everything bowed to his glory
Everyone showed great respect towards him	Everything hindered to his glory	not_entailment	Everything bowed to his glory
The dancer moved swiftly and lightly across the stage	The dancer moved across the stage	entailment	The dancer breezed across the stage
The dancer moved swiftly and lightly across the stage	The dancer paused across the stage	not_entailment	The dancer breezed across the stage
An earthquake caused significant damage and left a strong impact on them	Earthquake hath continued deeply its tale on them	entailment	Earthquake hath pressed deeply its tale on them
An earthquake caused significant damage and left a strong impact on them	Earthquake hath resisted deeply its tale on them	not_entailment	Earthquake hath pressed deeply its tale on them
We directed a substantial amount of our financial resources towards our children's education	We put money into the education of our children	entailment	We funneled money into the education of our children
We directed a substantial amount of our financial resources towards our children's education	We refused money into the education of our children	not_entailment	We funneled money into the education of our children
She put all her strength into pressing her body against the wall	She pushed against the wall with all her strength	entailment	She pressed against the wall with all her strength
She put all her strength into pressing her body against the wall	She pulled against the wall with all her strength	not_entailment	She pressed against the wall with all her strength
In his speech on Friday, the Senator criticized the actions of the administration	The Senator criticized the administration in his speech on Friday	entailment	The Senator attacked the administration in his speech on Friday
In his speech on Friday, the Senator criticized the actions of the administration	The Senator praised the administration in his speech on Friday	not_entailment	The Senator attacked the administration in his speech on Friday
While I am progressing through the thick, swirling fog that obstructs my vision	As I walk through the grey mist that blocks my sight	entailment	As I walk through the grey mist that twists my sight
While I am progressing through the thick, swirling fog that obstructs my vision	As I walk through the grey mist that enhances my sight	not_entailment	As I walk through the grey mist that twists my sight
I find your behavior challenging to my endurance	You are wasting my patience	entailment	You are trying my patience
I find your behavior challenging to my endurance	You are building my patience	not_entailment	You are trying my patience
Gradually, his senses and physical abilities improved	Slowly his sense and strength increased	entailment	Slowly his sense and strength bloomed
Gradually, his senses and physical abilities improved	Slowly his sense and strength reduced	not_entailment	Slowly his sense and strength bloomed
He held the information or teachings of his community	He held the knowledge or beliefs of his tribe	entailment	He carried the knowledge or beliefs of his tribe
He held the information or teachings of his community	He released the knowledge or beliefs of his tribe	not_entailment	He carried the knowledge or beliefs of his tribe
She adds jokes to her lectures	She ends her lectures with joke	entailment	She garnishes her lectures with joke
She adds jokes to her lectures	She starts her lectures with joke	not_entailment	She garnishes her lectures with joke
The mountain was covered entirely with snow	The mountain was covered with snow	entailment	The mountain was blanketed with snow
The mountain was covered entirely with snow	The mountain was devoid of snow	not_entailment	The mountain was blanketed with snow
The reputation of heroes increases	Fame goes to the heroes	entailment	Fame grows to the heroes
The reputation of heroes increases	Fame avoids the heroes	not_entailment	Fame grows to the heroes
I am certain that you have not completed your assigned tasks	I assume you have not done your homework	entailment	I bet you have not done your homework
I am certain that you have not completed your assigned tasks	I disbelieve you have not done your homework	not_entailment	I bet you have not done your homework
They arranged and categorized items until the Duke's arrival	They had to sort things out until the Duke arrived	entailment	They had to pigeonhole things out until the Duke arrived
They arranged and categorized items until the Duke's arrival	They had to mess things out until the Duke arrived	not_entailment	They had to pigeonhole things out until the Duke arrived
The critics expressed acknowledgment and admiration for this Broadway production	The critics overpraised this broadway production	entailment	The critics paid tribute to this broadway production
The critics expressed acknowledgment and admiration for this Broadway production	The critics rebuked this broadway production	not_entailment	The critics paid tribute to this broadway production
She wore yellow clothing that day	She was wearing yellow that day	entailment	She was sporting yellow that day
She wore yellow clothing that day	She was doffing yellow that day	not_entailment	She was sporting yellow that day
And in her advanced age, she questioned her sadness	And in her old bounds ended her despair	entailment	And in her old bounds axed her despair
And in her advanced age, she questioned her sadness	And in her old bounds started her despair	not_entailment	And in her old bounds axed her despair
The formerly enslaved person gained her liberty just prior to her passing away	The ex-slave had freedom shortly before she died	entailment	The ex-slave found freedom shortly before she died
The formerly enslaved person gained her liberty just prior to her passing away	The ex-slave eluded freedom shortly before she died	not_entailment	The ex-slave found freedom shortly before she died
The mountain was covered with small, white patches of snow	The mountain was covered with snow	entailment	The mountain was quilted with snow
The mountain was covered with small, white patches of snow	The mountain was devoid of snow	not_entailment	The mountain was quilted with snow
The novel includes a murder as one of its events	The novel begins with a murder	entailment	The novel sprouts with a murder
The novel includes a murder as one of its events	The novel ends with a murder	not_entailment	The novel sprouts with a murder
I felt a chill run through my body when they were near	They created a shudder through my being still	entailment	They sprouted a shudder through my being still
I felt a chill run through my body when they were near	They removed a shudder through my being still	not_entailment	They sprouted a shudder through my being still
Your actions are causing me to lose my ability to remain calm and composed	You are wasting my patience	entailment	You are spilling my patience
Your actions are causing me to lose my ability to remain calm and composed	You are building my patience	not_entailment	You are spilling my patience
This fact contradicted the standard theories	This fact went against the standard theories	entailment	This fact clashed against the standard theories
This fact contradicted the standard theories	This fact favored the standard theories	not_entailment	This fact clashed against the standard theories
A weather vane is placed at the top of the building	A weather vane tops the building	entailment	A weather vane caps the building
A weather vane is placed at the top of the building	A weather vane mars the building	not_entailment	A weather vane caps the building
A loud scream was heard during the night	The scream filled the night	entailment	The scream covered the night
A loud scream was heard during the night	The scream emptied the night	not_entailment	The scream covered the night
In his speech on Friday, the Senator criticized the administration	The Senator criticized the administration in his speech on Friday	entailment	The Senator dissed the administration in his speech on Friday
In his speech on Friday, the Senator criticized the administration	The Senator praised the administration in his speech on Friday	not_entailment	The Senator dissed the administration in his speech on Friday
In her advanced age, she overcame her despair	And in her old bounds ended her despair	entailment	And in her old bounds vanquished her despair
In her advanced age, she overcame her despair	And in her old bounds started her despair	not_entailment	And in her old bounds vanquished her despair
The train horn produced a loud, disruptive sound that broke the silence	The train horn broke the peace	entailment	The train horn fractured the peace
The train horn produced a loud, disruptive sound that broke the silence	The train horn restored the peace	not_entailment	The train horn fractured the peace
The stars move in a rhythmic pattern in the night sky	The stars glow in the night sky	entailment	The stars cha-cha in the night sky
The stars move in a rhythmic pattern in the night sky	The stars dim in the night sky	not_entailment	The stars cha-cha in the night sky
The Serbs destroyed the entire village during the night	The Serbs attacked the village at night	entailment	The Serbs decimated the village at night
The Serbs destroyed the entire village during the night	The Serbs protected the village at night	not_entailment	The Serbs decimated the village at night
The large waves hit the tiny boat and it went underwater shortly after being struck by the waves	The huge waves hit the small boat and it sank shortly thereafter	entailment	The huge waves attacked the small boat and it sank shortly thereafter
The large waves hit the tiny boat and it went underwater shortly after being struck by the waves	The huge waves saved the small boat and it sank shortly thereafter	not_entailment	The huge waves attacked the small boat and it sank shortly thereafter
The thoughts in my mind were occupying a significant amount of my attention	Consumed by the thoughts that were in the head	entailment	Consumed by the thoughts that grew in the head
The thoughts in my mind were occupying a significant amount of my attention	Consumed by the thoughts that weren't in the head	not_entailment	Consumed by the thoughts that grew in the head
The volume of the music increased to its maximum level	The music builds to a crescendo	entailment	The music swelled to a crescendo
The volume of the music increased to its maximum level	The music breaks to a crescendo	not_entailment	The music swelled to a crescendo
The night sky was illuminated by the large number of stars or planets that were exploding	The night sky burned with the massive bombardment	entailment	The night sky blazed with the massive bombardment
The night sky was illuminated by the large number of stars or planets that were exploding	The night sky extinguished with the massive bombardment	not_entailment	The night sky blazed with the massive bombardment
The large waves struck the tiny boat, causing it to capsize and sink	The huge waves hit the small boat and it sank shortly thereafter	entailment	The huge waves smacked the small boat and it sank shortly thereafter
The large waves struck the tiny boat, causing it to capsize and sink	The huge waves saved the small boat and it sank shortly thereafter	not_entailment	The huge waves smacked the small boat and it sank shortly thereafter
After finishing their dinner, they had a cognac	They finished off their dinner with a cognac	entailment	They terminated off their dinner with a cognac
After finishing their dinner, they had a cognac	They started off their dinner with a cognac	not_entailment	They terminated off their dinner with a cognac
She scattered sunflower seeds over the area	She sowed sunflower seeds	entailment	She sprinkled sunflower seeds
She scattered sunflower seeds over the area	She destroyed sunflower seeds	not_entailment	She sprinkled sunflower seeds
We reached an agreement on the conditions of the resolution	We agreed on the terms of the settlement	entailment	We made a truce on the terms of the settlement
We reached an agreement on the conditions of the resolution	We disagreed on the terms of the settlement	not_entailment	We made a truce on the terms of the settlement
The knocking on the door was now stronger	The knocking on the door was more assertive now	entailment	The pounding on the door was more assertive now
The knocking on the door was now stronger	The protecting on the door was more assertive now	not_entailment	The pounding on the door was more assertive now
Her facial muscles contract sharply	The spasm convulses her facial muscles	entailment	The spasm twists her facial muscles
Her facial muscles contract sharply	The spasm straightens her facial muscles	not_entailment	The spasm twists her facial muscles
The music reaches a peak in volume	The music builds to a crescendo	entailment	The music accumulates to a crescendo
The music reaches a peak in volume	The music breaks to a crescendo	not_entailment	The music accumulates to a crescendo
The teapot moved slightly as the water reached its boiling point	The teapot shook as the water boiled	entailment	The teapot quivered as the water boiled
The teapot moved slightly as the water reached its boiling point	The teapot soothed as the water boiled	not_entailment	The teapot quivered as the water boiled
The event left a deep impression on her memory	The event etched itself into her memory	entailment	The event dug itself into her memory
The event left a deep impression on her memory	The event withdrew itself into her memory	not_entailment	The event dug itself into her memory
She enjoyed the comforts of living	She fell into the luxury of life	entailment	She relaxed into the luxury of life
She enjoyed the comforts of living	She rose into the luxury of life	not_entailment	She relaxed into the luxury of life
Loyalty pledges were made with great determination	Oaths of homage fiercely prevailed	entailment	Oaths of homage fiercely succeeded
Loyalty pledges were made with great determination	Oaths of homage fiercely left	not_entailment	Oaths of homage fiercely succeeded
He consistently showed an expression of happiness on his face	He always has a smile	entailment	He always wore a smile
He consistently showed an expression of happiness on his face	He always hides a smile	not_entailment	He always wore a smile
After finishing their dinner, they drank a glass of cognac	They finished off their dinner with a cognac	entailment	They polished off their dinner with a cognac
After finishing their dinner, they drank a glass of cognac	They started off their dinner with a cognac	not_entailment	They polished off their dinner with a cognac
His voice carried well throughout the house	His voice echoed up the house	entailment	His voice beamed up the house
His voice carried well throughout the house	His voice silenced up the house	not_entailment	His voice beamed up the house
He was laughing very hard	He was involved in a laughing fit	entailment	He was interwoven in a laughing fit
He was laughing very hard	He was uninvolved in a laughing fit	not_entailment	He was interwoven in a laughing fit
The tiny raindrops merge and adhere to my coat when they come into contact	The little raindrops falling together stick upon my coat	entailment	The little raindrops diving together stick upon my coat
The tiny raindrops merge and adhere to my coat when they come into contact	The little raindrops stopping together stick upon my coat	not_entailment	The little raindrops diving together stick upon my coat
The Serbs approached the village in the dark	The Serbs attacked the village at night	entailment	The Serbs charged the village at night
The Serbs approached the village in the dark	The Serbs protected the village at night	not_entailment	The Serbs charged the village at night
She says a great deal of untrue things	She speaks a lot of nonsense	entailment	She spews a lot of nonsense
She says a great deal of untrue things	She avoids a lot of nonsense	not_entailment	She spews a lot of nonsense
His music established him as a representative of the Romantic musical era	His playing established him as a Romantic	entailment	His playing birthed him as a Romantic
His music established him as a representative of the Romantic musical era	His playing denounced him as a Romantic	not_entailment	His playing birthed him as a Romantic
The party came to an end when she departed	The party ended as soon as she left	entailment	The party died as soon as she left
The party came to an end when she departed	The party started as soon as she left	not_entailment	The party died as soon as she left
He was diagnosed with a severe and fatal illness that led to his death	He was stricken with a terrible illness that killed him quickly	entailment	He was slapped with a terrible illness that killed him quickly
He was diagnosed with a severe and fatal illness that led to his death	He was unaffected with a terrible illness that killed him quickly	not_entailment	He was slapped with a terrible illness that killed him quickly
The politician defeated his rival in the election	The politician defeated his rival	entailment	The politician toppled his rival
The politician defeated his rival in the election	The politician lost to his rival	not_entailment	The politician toppled his rival
She dismissed these concerns with her positive outlook	Her optimism took away these worries	entailment	Her optimism flicked away these worries
She dismissed these concerns with her positive outlook	Her optimism gave away these worries	not_entailment	Her optimism flicked away these worries
Their way of speaking persuades us to accept what they say	Their language tells us to believe them	entailment	Their language sways us to believe them
Their way of speaking persuades us to accept what they say	Their language refrains us to believe them	not_entailment	Their language sways us to believe them
The wildfire moved quickly through the forest, consuming trees and vegetation	The wildfire spread through the forest at an amazing speed	entailment	The wildfire ravaged through the forest at an amazing speed
The wildfire moved quickly through the forest, consuming trees and vegetation	The wildfire halted through the forest at an amazing speed	not_entailment	The wildfire ravaged through the forest at an amazing speed
The avalanche destroyed anything that was in its path	The avalanche destroyed anything standing in its way	entailment	The avalanche torpedoed anything standing in its way
The avalanche destroyed anything that was in its path	The avalanche protected anything standing in its way	not_entailment	The avalanche torpedoed anything standing in its way
Cigarettes harmed his health significantly	The cigarettes affected his health	entailment	The cigarettes rained on his health
Cigarettes harmed his health significantly	The cigarettes cured his health	not_entailment	The cigarettes rained on his health
Her ego grew significantly after she gained sudden fame	The sudden fame increased her ego	entailment	The sudden fame burst forth her ego
Her ego grew significantly after she gained sudden fame	The sudden fame decreased her ego	not_entailment	The sudden fame burst forth her ego
The sensation of intense pain was distinctly present on my tongue	The taste of agony was thick upon my tongue	entailment	The taste of agony coated thick upon my tongue
The sensation of intense pain was distinctly present on my tongue	The taste of agony wasn't thick upon my tongue	not_entailment	The taste of agony coated thick upon my tongue
Death is present at the door	Death is coming at the door	entailment	Death is flowing at the door
Death is present at the door	Death is leaving at the door	not_entailment	Death is flowing at the door
The sun, which is not visible, emits light	The hidden sun returns with light	entailment	The hidden sun unfurls with light
The sun, which is not visible, emits light	The hidden sun departs with light	not_entailment	The hidden sun unfurls with light
The bullet entered her chest	The bullet penetrated her chest	entailment	The bullet snuck into her chest
The bullet entered her chest	The bullet left her chest	not_entailment	The bullet snuck into her chest
They had to distribute their limited supplies evenly until the Duke's arrival	They had to sort things out until the Duke arrived	entailment	They had to ration things out until the Duke arrived
They had to distribute their limited supplies evenly until the Duke's arrival	They had to mess things out until the Duke arrived	not_entailment	They had to ration things out until the Duke arrived
I won't go through other people's personal letters without their permission	I won't go to reading other people's mail	entailment	I won't stoop to reading other people's mail
I won't go through other people's personal letters without their permission	I won't stop to reading other people's mail	not_entailment	I won't stoop to reading other people's mail
The stars emit light in the dark night	The stars glow in the night sky	entailment	The stars sparkle in the night sky
The stars emit light in the dark night	The stars dim in the night sky	not_entailment	The stars sparkle in the night sky
The difference between the two theories lost its significance	The distinction between the two theories disappear	entailment	The distinction between the two theories wilted
The difference between the two theories lost its significance	The distinction between the two theories appear	not_entailment	The distinction between the two theories wilted
The extreme cold makes her bones feel very stiff and unyielding	The cold chill her bones	entailment	The cold petrifies her bones
The extreme cold makes her bones feel very stiff and unyielding	The cold warms her bones	not_entailment	The cold petrifies her bones
Water came out of the can and flowed into the backpack	Water leaked out of the can into the backpack	entailment	Water flooded out of the can into the backpack
Water came out of the can and flowed into the backpack	Water entered into the can from the backpack	not_entailment	Water flooded out of the can into the backpack
In this case, my emotions influence my decision-making process	My personal feelings influenced my judgment in this case	entailment	My personal feelings sway my judgment in this case
In this case, my emotions influence my decision-making process	My personal feelings nullified my judgment in this case	not_entailment	My personal feelings sway my judgment in this case
The night sky was filled with numerous meteor showers caused by the collision of space debris	The night sky burned with the massive bombardment	entailment	The night sky flurried with the massive bombardment
The night sky was filled with numerous meteor showers caused by the collision of space debris	The night sky doused with the massive bombardment	not_entailment	The night sky flurried with the massive bombardment
From her hair, a very subtle scent was emanating	Of that faint fragrance being from her soft hair	entailment	Of that faint fragrance spiraling from her soft hair
From her hair, a very subtle scent was emanating	Of that faint fragrance stagnating in her soft hair	not_entailment	Of that faint fragrance spiraling from her soft hair
An earthquake has deeply affected them with its occurrence	Earthquake hath continued deeply its tale on them	entailment	Earthquake hath swam deeply its tale on them
An earthquake has deeply affected them with its occurrence	Earthquake hath resisted deeply its tale on them	not_entailment	Earthquake hath swam deeply its tale on them
And truth accepted, and corrected errors	And truth accepted , and righted wrong	entailment	And truth stomached , and righted wrong
And truth accepted, and corrected errors	And truth denied , and righted wrong	not_entailment	And truth stomached , and righted wrong
Their actions caused a strong sensation of fear or unease within me	They created a shudder through my being still	entailment	They sent a shudder through my being still
Their actions caused a strong sensation of fear or unease within me	They reduced a shudder through my being still	not_entailment	They sent a shudder through my being still
They examined each job candidate thoroughly	They went through the job candidates	entailment	They scoured through the job candidates
They examined each job candidate thoroughly	They skipped through the job candidates	not_entailment	They scoured through the job candidates
The meat was immersed in a thick layer of fat	The meat was cooked in a fatty gravy	entailment	The meat was transfigured in a fatty gravy
The meat was immersed in a thick layer of fat	The meat was uncooked in a fatty gravy	not_entailment	The meat was transfigured in a fatty gravy
The prices of stocks are significantly increasing	Stock prices are rising higher	entailment	Stock prices are rocketing higher
The prices of stocks are significantly increasing	Stock prices are falling higher	not_entailment	Stock prices are rocketing higher
I struggled with making this decision for a long time	I struggled with this decision for years	entailment	I battled with this decision for years
I struggled with making this decision for a long time	I breezed with this decision for years	not_entailment	I battled with this decision for years
His body was deformed due to leprosy	His body was deformed by leprosy	entailment	His body was twisted by leprosy
His body was deformed due to leprosy	His body was improved by leprosy	not_entailment	His body was twisted by leprosy
She had responsibilities towards her employment and her offspring	She had to manage her job and her children	entailment	She had to tend to her job and her children
She had responsibilities towards her employment and her offspring	She had to derange her job and her children	not_entailment	She had to tend to her job and her children
Opportunity was present near her, but she was not aware of it	She did not realize that opportunity was coming at her door	entailment	She did not realize that opportunity was waiting at her door
Opportunity was present near her, but she was not aware of it	She did not realize that opportunity was leaving at her door	not_entailment	She did not realize that opportunity was waiting at her door
While I am strolling in the foggy weather that slightly obscures my vision	As I walk through the grey mist that blocks my sight	entailment	As I walk through the grey mist that tempers my sight
While I am strolling in the foggy weather that slightly obscures my vision	As I walk through the grey mist that enhances my sight	not_entailment	As I walk through the grey mist that tempers my sight
Calm bodies of water ripple in the wind	Still waters sway in the wind	entailment	Still waters groove in the wind
Calm bodies of water ripple in the wind	Still waters stop in the wind	not_entailment	Still waters groove in the wind
